Sr.NO.,State,District,Police Station,Year,FIR Number,Date of Registration,Sections
1,MAHARASHTRA,PUNE CITY,ALANKAR POLICE STATION,2023,83,29-05-2023 14:57,"भारतीय दंड संहिता १८६० - २७९,304-A ; मोटरवाहन अधिनियम, १९८८ - 184 ;"
2,MAHARASHTRA,PUNE CITY,ALANKAR POLICE STATION,2023,82,27-05-2023 22:30,भारतीय दंड संहिता १८६० - ३७९ ;
3,MAHARASHTRA,PUNE CITY,ALANKAR POLICE STATION,2023,81,25-05-2023 21:07,"भारतीय दंड संहिता १८६० - २७९,३३८ ; मोटरवाहन अधिनियम, १९८८ - 119,177,184 ;"
4,MAHARASHTRA,PUNE CITY,ALANKAR POLICE STATION,2023,80,23-05-2023 19:01,भारतीय दंड संहिता १८६० - ३७९ ;
5,MAHARASHTRA,PUNE CITY,ALANKAR POLICE STATION,2023,79,22-05-2023 02:59,"भारतीय दंड संहिता १८६० - ३४,३९२ ;"
6,MAHARASHTRA,PUNE CITY,ALANKAR POLICE STATION,2023,78,21-05-2023 15:23,"महाराष्ट्र जुगार प्रतिबंधक अधिनियम, १८८७ - 12(a) ;"
7,MAHARASHTRA,PUNE CITY,ALANKAR POLICE STATION,2023,71,10-05-2023 01:43,"भारतीय दंड संहिता १८६० - २७९,३३८,४२७ ; मोटरवाहन अधिनियम, १९८८ - 184 ;"
8,MAHARASHTRA,PUNE CITY,ALANKAR POLICE STATION,2023,69,06-05-2023 22:29,"महाराष्ट्र दारूबंदी अधिनियम,१९४९ - 65(d) ;"
9,MAHARASHTRA,PUNE CITY,ALANKAR POLICE STATION,2023,68,06-05-2023 14:34,भारतीय दंड संहिता १८६० - ३३४ ;
10,MAHARASHTRA,PUNE CITY,ALANKAR POLICE STATION,2023,67,04-05-2023 20:53,"महाराष्ट्र जुगार प्रतिबंधक अधिनियम, १८८७ - 12(a) ;"
11,MAHARASHTRA,PUNE CITY,ALANKAR POLICE STATION,2023,66,03-05-2023 22:33,"भारतीय दंड संहिता १८६० - २७९,३३८,४२७ ; महाराष्ट्र मोटार वाहन नियम, 1989 - 184 ;"
12,MAHARASHTRA,PUNE CITY,ALANKAR POLICE STATION,2023,65,03-05-2023 00:34,"भारतीय दंड संहिता १८६० - ३८०,४५४ ;"
13,MAHARASHTRA,PUNE CITY,BHARTI VIDYAPEETH,2023,346,03-06-2023 22:50,"शस्‍त्र अधिनियम, १९५९ - 25,4 ; भारतीय दंड संहिता १८६० - ३४,३४१,३९२,३९४ ;"
14,MAHARASHTRA,PUNE CITY,BHARTI VIDYAPEETH,2023,345,03-06-2023 20:22,भारतीय दंड संहिता १८६० - ३७९ ;
15,MAHARASHTRA,PUNE CITY,BHARTI VIDYAPEETH,2023,344,03-06-2023 03:48,"भारतीय दंड संहिता १८६० - २७९,३३८,४२७ ; मोटार वाहन अधिनियम, १९५४ - 119,177,184 ;"
16,MAHARASHTRA,PUNE CITY,BHARTI VIDYAPEETH,2023,342,03-06-2023 01:47,भारतीय दंड संहिता १८६० - ३७९ ;
17,MAHARASHTRA,PUNE CITY,BHARTI VIDYAPEETH,2023,341,02-06-2023 15:13,"भारतीय दंड संहिता १८६० - ३२३,३२४,३४,५०४,५०६ ;"
18,MAHARASHTRA,PUNE CITY,BHARTI VIDYAPEETH,2023,340,02-06-2023 03:34,"भारतीय दंड संहिता १८६० - ३२३,३२४,३४,५०४ ;"
19,MAHARASHTRA,PUNE CITY,BHARTI VIDYAPEETH,2023,338,01-06-2023 18:18,"भारतीय दंड संहिता १८६० - ३४,३९२ ;"
20,MAHARASHTRA,PUNE CITY,BHARTI VIDYAPEETH,2023,337,01-06-2023 16:28,"भारतीय दंड संहिता १८६० - ४०६,४२० ;"
21,MAHARASHTRA,PUNE CITY,BHARTI VIDYAPEETH,2023,332,29-05-2023 01:08,भारतीय दंड संहिता १८६० - ३७९ ;
22,MAHARASHTRA,PUNE CITY,BHARTI VIDYAPEETH,2023,330,28-05-2023 14:23,भारतीय दंड संहिता १८६० - ३७९ ;
23,MAHARASHTRA,PUNE CITY,BHARTI VIDYAPEETH,2023,329,28-05-2023 08:53,"शस्‍त्र अधिनियम, १९५९ - 25,4 ; भारतीय दंड संहिता १८६० - ३४,३९२ ;"
24,MAHARASHTRA,PUNE CITY,BHARTI VIDYAPEETH,2023,328,27-05-2023 03:07,भारतीय दंड संहिता १८६० - ३८० ;
25,MAHARASHTRA,PUNE CITY,BHARTI VIDYAPEETH,2023,327,26-05-2023 16:24,"भारतीय दंड संहिता १८६० - २७९,304-A ; मोटार वाहन अधिनियम, १९५४ - 119,177 ;"
26,MAHARASHTRA,PUNE CITY,BHARTI VIDYAPEETH,2023,326,24-05-2023 23:54,"फौजदारी कायदा (सुधारणा) अधिनियम, १९३२ - 7 ; भारतीय दंड संहिता १८६० - ३८५,३९५,४२७,५०४,५०६ ;"
27,MAHARASHTRA,PUNE CITY,BHARTI VIDYAPEETH,2023,325,24-05-2023 23:36,भारतीय दंड संहिता १८६० - ३८० ;
28,MAHARASHTRA,PUNE CITY,BHARTI VIDYAPEETH,2023,324,24-05-2023 19:49,"महाराष्ट्र दारूबंदी अधिनियम,१९४९ - 65(e) ;"
29,MAHARASHTRA,PUNE CITY,BHARTI VIDYAPEETH,2023,323,24-05-2023 16:20,"भारतीय दंड संहिता १८६० - ३८०,४५४,४५७ ;"
30,MAHARASHTRA,PUNE CITY,BHARTI VIDYAPEETH,2023,321,24-05-2023 03:49,"भारतीय दंड संहिता १८६० - २७९,४२७,५०४,५०६ ; मोटरवाहन अधिनियम, १९८८ - 119,177 ;"
31,MAHARASHTRA,PUNE CITY,BHARTI VIDYAPEETH,2023,320,24-05-2023 01:53,"भारतीय दंड संहिता १८६० - २२३,३२४,३४ ; महाराष्ट्र पोलीस अधिनियम, १९५१ - 135,37(1)(c) ;"
32,MAHARASHTRA,PUNE CITY,BHARTI VIDYAPEETH,2023,319,23-05-2023 00:32,"शस्‍त्र अधिनियम, १९५९ - 25,4 ; भारतीय दंड संहिता १८६० - ४२७ ; महाराष्ट्र पोलीस अधिनियम, १९५१ - 135,37(1)(c) ; फौजदारी कायदा (सुधारणा) कायदा, 2013 - 7 ;"
33,MAHARASHTRA,PUNE CITY,BHARTI VIDYAPEETH,2023,318,22-05-2023 00:26,"भारतीय दंड संहिता १८६० - २७९,३३७,४२७ ; मोटार वाहन अधिनियम, १९५४ - 119,177,184 ;"
34,MAHARASHTRA,PUNE CITY,BHARTI VIDYAPEETH,2023,315,21-05-2023 16:09,"भारतीय दंड संहिता १८६० - २७९,304-A,३३७ ; मोटार वाहन अधिनियम, १९५४ - 119,177,184 ;"
35,MAHARASHTRA,PUNE CITY,BHARTI VIDYAPEETH,2023,313,20-05-2023 20:36,भारतीय दंड संहिता १८६० - ३८० ;
36,MAHARASHTRA,PUNE CITY,BHARTI VIDYAPEETH,2023,311,18-05-2023 11:30,"भारतीय दंड संहिता १८६० - २७९,304-A ; मोटार वाहन अधिनियम, १९५४ - 119,177,184 ;"
37,MAHARASHTRA,PUNE CITY,BHARTI VIDYAPEETH,2023,308,17-05-2023 19:09,भारतीय दंड संहिता १८६० - ३७९ ;
38,MAHARASHTRA,PUNE CITY,BHARTI VIDYAPEETH,2023,307,17-05-2023 17:52,"भारतीय दंड संहिता १८६० - ३२४,३४,४२७,५०४ ;"
39,MAHARASHTRA,PUNE CITY,BHARTI VIDYAPEETH,2023,306,17-05-2023 12:53,"भारतीय दंड संहिता १८६० - २७९,३३८ ; मोटरवाहन अधिनियम, १९८८ - 119,134(A),134(B),177,184 ;"
40,MAHARASHTRA,PUNE CITY,BHARTI VIDYAPEETH,2023,305,16-05-2023 23:26,भारतीय दंड संहिता १८६० - ३७९ ;
41,MAHARASHTRA,PUNE CITY,BHARTI VIDYAPEETH,2023,304,16-05-2023 21:15,"भारतीय दंड संहिता १८६० - २७९,३३८ ; मोटरवाहन अधिनियम, १९८८ - 119,134(A),134(B),177,184 ;"
42,MAHARASHTRA,PUNE CITY,BHARTI VIDYAPEETH,2023,303,16-05-2023 13:22,भारतीय दंड संहिता १८६० - ३७९ ;
43,MAHARASHTRA,PUNE CITY,BHARTI VIDYAPEETH,2023,301,14-05-2023 15:35,"भारतीय दंड संहिता १८६० - २७९,३३८ ; मोटरवाहन अधिनियम, १९८८ - 134(A),134(B),184 ;"
44,MAHARASHTRA,PUNE CITY,BHARTI VIDYAPEETH,2023,297,14-05-2023 00:36,"भारतीय दंड संहिता १८६० - १४३,१४४,१४७,१४८,१४९,३२३,३८७,५०४,५०६ ; महाराष्ट्र पोलीस अधिनियम, १९५१ - 135,37(1)(c) ;"
45,MAHARASHTRA,PUNE CITY,BHARTI VIDYAPEETH,2023,296,13-05-2023 01:28,भारतीय दंड संहिता १८६० - ३८० ;
46,MAHARASHTRA,PUNE CITY,BHARTI VIDYAPEETH,2023,295,13-05-2023 01:13,"भारतीय दंड संहिता १८६० - ३८०,४६१ ;"
47,MAHARASHTRA,PUNE CITY,BHARTI VIDYAPEETH,2023,294,13-05-2023 00:28,भारतीय दंड संहिता १८६० - ३७९ ;
48,MAHARASHTRA,PUNE CITY,BHARTI VIDYAPEETH,2023,293,13-05-2023 00:11,"महाराष्ट्र दारूबंदी अधिनियम,१९४९ - 65(e) ;"
49,MAHARASHTRA,PUNE CITY,BHARTI VIDYAPEETH,2023,292,12-05-2023 00:47,"महाराष्ट्र दारूबंदी अधिनियम,१९४९ - 65(e) ;"
50,MAHARASHTRA,PUNE CITY,BHARTI VIDYAPEETH,2023,291,12-05-2023 00:13,"महाराष्ट्र दारूबंदी अधिनियम,१९४९ - 65(e) ;"
51,MAHARASHTRA,PUNE CITY,BHARTI VIDYAPEETH,2023,290,11-05-2023 21:20,"भारतीय दंड संहिता १८६० - ४०६,४२० ;"
52,MAHARASHTRA,PUNE CITY,BHARTI VIDYAPEETH,2023,289,11-05-2023 20:08,"भारतीय दंड संहिता १८६० - २७९,३३७ ; मोटरवाहन अधिनियम, १९८८ - 119,132(1)(C),177,179,184 ;"
53,MAHARASHTRA,PUNE CITY,BHARTI VIDYAPEETH,2023,288,11-05-2023 19:09,"भारतीय दंड संहिता १८६० - २७९,३३७,४२७ ; मोटरवाहन अधिनियम, १९८८ - 119,134(A),134(B),177 ;"
54,MAHARASHTRA,PUNE CITY,BHARTI VIDYAPEETH,2023,287,11-05-2023 19:07,"भारतीय दंड संहिता १८६० - ३८०,४५४ ;"
55,MAHARASHTRA,PUNE CITY,BHARTI VIDYAPEETH,2023,286,11-05-2023 18:19,"महाराष्ट्र दारूबंदी अधिनियम,१९४९ - 65(e) ;"
56,MAHARASHTRA,PUNE CITY,BHARTI VIDYAPEETH,2023,285,11-05-2023 03:22,"भारतीय दंड संहिता १८६० - ३४,३९२ ;"
57,MAHARASHTRA,PUNE CITY,BHARTI VIDYAPEETH,2023,284,09-05-2023 23:05,"भारतीय दंड संहिता १८६० - ३२३,३२४,५०४,५०६ ;"
58,MAHARASHTRA,PUNE CITY,BHARTI VIDYAPEETH,2023,283,09-05-2023 21:27,"महाराष्ट्र पोलीस अधिनियम, १९५१ - 142 ;"
59,MAHARASHTRA,PUNE CITY,BHARTI VIDYAPEETH,2023,281,08-05-2023 20:45,भारतीय दंड संहिता १८६० - ३७९ ;
60,MAHARASHTRA,PUNE CITY,BHARTI VIDYAPEETH,2023,280,08-05-2023 19:58,भारतीय दंड संहिता १८६० - ३७९ ;
61,MAHARASHTRA,PUNE CITY,BHARTI VIDYAPEETH,2023,279,07-05-2023 12:43,"भारतीय दंड संहिता १८६० - ३४,४०६,४२० ; महाराष्ट्र ठेवीदारांच्‍या (वित्‍तीय संस्‍थामधील हितसंबंधाचे संरंक्षण) अधिनियम, १९९९ - 3 ;"
62,MAHARASHTRA,PUNE CITY,BHARTI VIDYAPEETH,2023,278,06-05-2023 20:13,भारतीय दंड संहिता १८६० - ३८० ;
63,MAHARASHTRA,PUNE CITY,BHARTI VIDYAPEETH,2023,277,05-05-2023 06:03,"शस्‍त्र अधिनियम, १९५९ - 25,4 ; भारतीय दंड संहिता १८६० - १४३,१४७,१४८,१४९ ; महाराष्ट्र पोलीस अधिनियम, १९५१ - 135,37(1),37(3) ;"
64,MAHARASHTRA,PUNE CITY,BHARTI VIDYAPEETH,2023,275,03-05-2023 20:31,भारतीय दंड संहिता १८६० - ३७९ ;
65,MAHARASHTRA,PUNE CITY,BHARTI VIDYAPEETH,2023,274,03-05-2023 20:06,भारतीय दंड संहिता १८६० - ३७९ ;
66,MAHARASHTRA,PUNE CITY,BHARTI VIDYAPEETH,2023,273,03-05-2023 03:22,"प्रतिलिपी अधिकार अधिनियम, १९५७ (सुधारीत अधिनियम १९८४ आणि १९९४) - 63,65 ;"
67,MAHARASHTRA,PUNE CITY,BIBVEWADI POLICE STATION,2023,103,31-05-2023 17:23,"भारतीय दंड संहिता १८६० - ३२३,498-A,५०४ ;"
68,MAHARASHTRA,PUNE CITY,BIBVEWADI POLICE STATION,2023,102,29-05-2023 04:39,"भारतीय दंड संहिता १८६० - १०९,३३२,३४,३५३,५०६ ;"
69,MAHARASHTRA,PUNE CITY,BIBVEWADI POLICE STATION,2023,101,25-05-2023 06:31,"भारतीय दंड संहिता १८६० - ३०२,३२३,३४,५०४ ;"
70,MAHARASHTRA,PUNE CITY,BIBVEWADI POLICE STATION,2023,100,22-05-2023 19:53,"भारतीय दंड संहिता १८६० - ४२०,४६४,४६५,४६७,४६८,४६९,४७१,५०० ;"
71,MAHARASHTRA,PUNE CITY,BIBVEWADI POLICE STATION,2023,99,20-05-2023 20:48,"भारतीय दंड संहिता १८६० - ३२३,498-A,५०४,५०६ ;"
72,MAHARASHTRA,PUNE CITY,BIBVEWADI POLICE STATION,2023,98,17-05-2023 23:13,"भारतीय दंड संहिता १८६० - ३२३,498-A,५०४,५०६ ;"
73,MAHARASHTRA,PUNE CITY,BIBVEWADI POLICE STATION,2023,97,13-05-2023 19:33,भारतीय दंड संहिता १८६० - ३७९ ;
74,MAHARASHTRA,PUNE CITY,BIBVEWADI POLICE STATION,2023,95,12-05-2023 23:07,भारतीय दंड संहिता १८६० - ३७९ ;
75,MAHARASHTRA,PUNE CITY,BIBVEWADI POLICE STATION,2023,94,11-05-2023 18:59,"महाराष्ट्र दारूबंदी अधिनियम,१९४९ - 65(e) ;"
76,MAHARASHTRA,PUNE CITY,BIBVEWADI POLICE STATION,2023,93,11-05-2023 15:56,भारतीय दंड संहिता १८६० - ३७९ ;
77,MAHARASHTRA,PUNE CITY,BIBVEWADI POLICE STATION,2023,92,10-05-2023 21:25,"महाराष्ट्र दारूबंदी अधिनियम,१९४९ - 65(d) ;"
78,MAHARASHTRA,PUNE CITY,BIBVEWADI POLICE STATION,2023,91,08-05-2023 23:44,"भारतीय दंड संहिता १८६० - ३४,४१९,४२० ; माहिती तंत्रज्ञान अधिनियम, २००० - ६६(ड) ;"
79,MAHARASHTRA,PUNE CITY,BIBVEWADI POLICE STATION,2023,90,07-05-2023 05:09,"महाराष्ट्र पोलीस अधिनियम, १९५१ - 142 ;"
80,MAHARASHTRA,PUNE CITY,BIBVEWADI POLICE STATION,2023,89,07-05-2023 00:22,"महाराष्ट्र दारूबंदी अधिनियम,१९४९ - 65(e) ;"
81,MAHARASHTRA,PUNE CITY,BIBVEWADI POLICE STATION,2023,86,05-05-2023 13:19,"महाराष्ट्र दारूबंदी अधिनियम,१९४९ - 65(e) ;"
82,MAHARASHTRA,PUNE CITY,BIBVEWADI POLICE STATION,2023,85,03-05-2023 20:32,"भारतीय दंड संहिता १८६० - ३२३,३४,४०६,४२०,५०४,५०६ ;"
83,MAHARASHTRA,PUNE CITY,BUNDGARDEN,2023,164,31-05-2023 18:10,"भारतीय दंड संहिता १८६० - ४०६,४०९ ;"
84,MAHARASHTRA,PUNE CITY,BUNDGARDEN,2023,162,29-05-2023 14:43,"गुंगीकारक औषधीदव्‍य आणि मनोव्‍यापारावर परिणाम करणारे प्रदार्थ अधिनियम, १९८५ - 20 (b) (ii) ,29,8(c) ;"
85,MAHARASHTRA,PUNE CITY,BUNDGARDEN,2023,161,29-05-2023 13:41,"भारतीय दंड संहिता १८६० - ३२३,३२६,५०४ ;"
86,MAHARASHTRA,PUNE CITY,BUNDGARDEN,2023,160,28-05-2023 15:05,"महाराष्ट्र दारूबंदी अधिनियम,१९४९ - 65(e) ;"
87,MAHARASHTRA,PUNE CITY,BUNDGARDEN,2023,159,25-05-2023 16:35,"भारतीय दंड संहिता १८६० - १७०,३७९ ;"
88,MAHARASHTRA,PUNE CITY,BUNDGARDEN,2023,158,23-05-2023 20:40,"महाराष्ट्र जुगार प्रतिबंधक अधिनियम, १८८७ - 12(a) ;"
89,MAHARASHTRA,PUNE CITY,BUNDGARDEN,2023,157,22-05-2023 21:14,"महाराष्ट्र जुगार प्रतिबंधक अधिनियम, १८८७ - 12(a) ;"
90,MAHARASHTRA,PUNE CITY,BUNDGARDEN,2023,156,22-05-2023 20:22,"भारतीय दंड संहिता १८६० - २७९,४२७ ; मोटरवाहन अधिनियम, १९८८ - 184 ;"
91,MAHARASHTRA,PUNE CITY,BUNDGARDEN,2023,154,20-05-2023 13:26,"गुंगीकारक औषधीदव्‍य आणि मनोव्‍यापारावर परिणाम करणारे प्रदार्थ अधिनियम, १९८५ - 20 (b) (ii) ,29,8(c) ;"
92,MAHARASHTRA,PUNE CITY,BUNDGARDEN,2023,153,19-05-2023 17:59,"महाराष्ट्र जुगार प्रतिबंधक अधिनियम, १८८७ - 12(a) ;"
93,MAHARASHTRA,PUNE CITY,BUNDGARDEN,2023,152,17-05-2023 23:25,"महाराष्ट्र दारूबंदी अधिनियम,१९४९ - 65(e) ;"
94,MAHARASHTRA,PUNE CITY,BUNDGARDEN,2023,151,17-05-2023 22:48,"महाराष्ट्र जुगार प्रतिबंधक अधिनियम, १८८७ - 12(a) ;"
95,MAHARASHTRA,PUNE CITY,BUNDGARDEN,2023,150,17-05-2023 04:07,"भारतीय दंड संहिता १८६० - २७९,304-A ; महाराष्ट्र मोटार वाहन नियम, 1989 - 119,132,177 ;"
96,MAHARASHTRA,PUNE CITY,BUNDGARDEN,2023,149,16-05-2023 20:09,"भारतीय दंड संहिता १८६० - १४३,१४७,१८६,१८९,३२३,३३२,३५३,४२७ ;"
97,MAHARASHTRA,PUNE CITY,BUNDGARDEN,2023,148,16-05-2023 17:19,भारतीय दंड संहिता १८६० - ३७९ ;
98,MAHARASHTRA,PUNE CITY,BUNDGARDEN,2023,147,12-05-2023 19:44,"गुंगीकारक औषधीदव्‍य आणि मनोव्‍यापारावर परिणाम करणारे प्रदार्थ अधिनियम, १९८५ - २२(क),8(c) ;"
99,MAHARASHTRA,PUNE CITY,BUNDGARDEN,2023,146,12-05-2023 03:57,"भारतीय दंड संहिता १८६० - ३४,३९२ ;"
100,MAHARASHTRA,PUNE CITY,BUNDGARDEN,2023,145,12-05-2023 00:35,"महाराष्ट्र जुगार प्रतिबंधक अधिनियम, १८८७ - 12(a) ;"
101,MAHARASHTRA,PUNE CITY,BUNDGARDEN,2023,144,11-05-2023 23:41,भारतीय दंड संहिता १८६० - ४०६ ;
102,MAHARASHTRA,PUNE CITY,BUNDGARDEN,2023,143,11-05-2023 17:28,"भारतीय दंड संहिता १८६० - ३४,४०६,४२० ;"
103,MAHARASHTRA,PUNE CITY,BUNDGARDEN,2023,142,11-05-2023 15:23,भारतीय दंड संहिता १८६० - ३७९ ;
104,MAHARASHTRA,PUNE CITY,BUNDGARDEN,2023,141,11-05-2023 05:47,"गुंगीकारक औषधीदव्‍य आणि मनोव्‍यापारावर परिणाम करणारे प्रदार्थ अधिनियम, १९८५ - 20 (b) (ii) ,20(b),8(c) ;"
105,MAHARASHTRA,PUNE CITY,BUNDGARDEN,2023,140,09-05-2023 13:16,"भारतीय दंड संहिता १८६० - २७९,३३७ ; मोटरवाहन अधिनियम, १९८८ - 132(1)(A) ; मोटार वाहन अधिनियम, १९५४ - 119,177 ;"
106,MAHARASHTRA,PUNE CITY,BUNDGARDEN,2023,139,08-05-2023 19:21,"गुंगीकारक औषधीदव्‍य आणि मनोव्‍यापारावर परिणाम करणारे प्रदार्थ अधिनियम, १९८५ - 22(B),29,8(c) ;"
107,MAHARASHTRA,PUNE CITY,BUNDGARDEN,2023,138,07-05-2023 00:01,"महाराष्ट्र दारूबंदी अधिनियम,१९४९ - 65(e) ;"
108,MAHARASHTRA,PUNE CITY,BUNDGARDEN,2023,137,06-05-2023 22:57,"महाराष्ट्र दारूबंदी अधिनियम,१९४९ - 65(e) ;"
109,MAHARASHTRA,PUNE CITY,BUNDGARDEN,2023,136,06-05-2023 20:35,"भारतीय दंड संहिता १८६० - २७९,३३७,३३८ ; मोटरवाहन अधिनियम, १९८८ - 119,177,184 ;"
110,MAHARASHTRA,PUNE CITY,BUNDGARDEN,2023,135,06-05-2023 19:56,भारतीय दंड संहिता १८६० - २२४ ;
111,MAHARASHTRA,PUNE CITY,BUNDGARDEN,2023,134,06-05-2023 08:56,"भारतीय दंड संहिता १८६० - ३२३,३४,३७९,५०४ ;"
112,MAHARASHTRA,PUNE CITY,BUNDGARDEN,2023,131,03-05-2023 23:42,"महाराष्ट्र जुगार प्रतिबंधक अधिनियम, १८८७ - 12(a) ;"
113,MAHARASHTRA,PUNE CITY,BUNDGARDEN,2023,130,03-05-2023 19:32,"भारतीय दंड संहिता १८६० - ३४,३९४ ;"
114,MAHARASHTRA,PUNE CITY,CHANDANNAGAR POLICE STATION,2023,247,03-06-2023 20:50,भारतीय दंड संहिता १८६० - ३७९ ;
115,MAHARASHTRA,PUNE CITY,CHANDANNAGAR POLICE STATION,2023,246,03-06-2023 20:02,भारतीय दंड संहिता १८६० - ३७९ ;
116,MAHARASHTRA,PUNE CITY,CHANDANNAGAR POLICE STATION,2023,244,03-06-2023 01:00,"भारतीय दंड संहिता १८६० - 120-B,३८१,४०४,४०६,४०८,४२०,४४५,४६७,४६८,४७१ ;"
117,MAHARASHTRA,PUNE CITY,CHANDANNAGAR POLICE STATION,2023,243,02-06-2023 23:24,भारतीय दंड संहिता १८६० - ३८० ;
118,MAHARASHTRA,PUNE CITY,CHANDANNAGAR POLICE STATION,2023,242,31-05-2023 23:33,"भारतीय दंड संहिता १८६० - ३२३,३४,498-A,४०६,५०४ ;"
119,MAHARASHTRA,PUNE CITY,CHANDANNAGAR POLICE STATION,2023,241,31-05-2023 20:25,भारतीय दंड संहिता १८६० - ३६३ ;
120,MAHARASHTRA,PUNE CITY,CHANDANNAGAR POLICE STATION,2023,240,31-05-2023 18:17,भारतीय दंड संहिता १८६० - ३७९ ;
121,MAHARASHTRA,PUNE CITY,CHANDANNAGAR POLICE STATION,2023,238,30-05-2023 23:58,भारतीय दंड संहिता १८६० - ३७९ ;
122,MAHARASHTRA,PUNE CITY,CHANDANNAGAR POLICE STATION,2023,237,30-05-2023 00:02,"महाराष्ट्र जुगार प्रतिबंधक अधिनियम, १८८७ - 12(a) ;"
123,MAHARASHTRA,PUNE CITY,CHANDANNAGAR POLICE STATION,2023,236,29-05-2023 18:30,भारतीय दंड संहिता १८६० - ३७९ ;
124,MAHARASHTRA,PUNE CITY,CHANDANNAGAR POLICE STATION,2023,235,28-05-2023 22:18,भारतीय दंड संहिता १८६० - ३८० ;
125,MAHARASHTRA,PUNE CITY,CHANDANNAGAR POLICE STATION,2023,234,27-05-2023 17:42,"महाराष्ट्र दारूबंदी अधिनियम,१९४९ - 65(e) ;"
126,MAHARASHTRA,PUNE CITY,CHANDANNAGAR POLICE STATION,2023,233,27-05-2023 04:42,"भारतीय दंड संहिता १८६० - ३२३,३२४,३४,५०४ ; फौजदारी कायदा (सुधारणा) कायदा, 2013 - 3,7 ;"
127,MAHARASHTRA,PUNE CITY,CHANDANNAGAR POLICE STATION,2023,232,26-05-2023 23:02,भारतीय दंड संहिता १८६० - ३७९ ;
128,MAHARASHTRA,PUNE CITY,CHANDANNAGAR POLICE STATION,2023,231,26-05-2023 21:51,"शस्‍त्र अधिनियम, १९५९ - 25,3,7 ; महाराष्ट्र पोलीस अधिनियम, १९५१ - 135,37(1) ;"
129,MAHARASHTRA,PUNE CITY,CHANDANNAGAR POLICE STATION,2023,230,26-05-2023 17:56,भारतीय दंड संहिता १८६० - ३७९ ;
130,MAHARASHTRA,PUNE CITY,CHANDANNAGAR POLICE STATION,2023,228,26-05-2023 00:33,"भारतीय दंड संहिता १८६० - ३८४,३८५,३८८,३८९ ;"
131,MAHARASHTRA,PUNE CITY,CHANDANNAGAR POLICE STATION,2023,227,25-05-2023 22:48,भारतीय दंड संहिता १८६० - ३७९ ;
132,MAHARASHTRA,PUNE CITY,CHANDANNAGAR POLICE STATION,2023,226,25-05-2023 08:12,"भारतीय दंड संहिता १८६० - ३४,४२० ; भारतीय तार अधिनियम, १८८५ - 25(c) ; महाराष्ट्र जुगार प्रतिबंधक अधिनियम, १८८७ - 4(a),5 ;"
133,MAHARASHTRA,PUNE CITY,CHANDANNAGAR POLICE STATION,2023,225,24-05-2023 22:24,"भारतीय दंड संहिता १८६० - २८५,३३६ ;"
134,MAHARASHTRA,PUNE CITY,CHANDANNAGAR POLICE STATION,2023,224,24-05-2023 20:40,"महाराष्ट्र दारूबंदी अधिनियम,१९४९ - 65(e) ;"
135,MAHARASHTRA,PUNE CITY,CHANDANNAGAR POLICE STATION,2023,223,24-05-2023 20:07,"भारतीय दंड संहिता १८६० - ३४,४०९,४१९,४२० ;"
136,MAHARASHTRA,PUNE CITY,CHANDANNAGAR POLICE STATION,2023,222,24-05-2023 05:46,"भारतीय दंड संहिता १८६० - ३२३,३२४,५०४ ;"
137,MAHARASHTRA,PUNE CITY,CHANDANNAGAR POLICE STATION,2023,221,23-05-2023 23:20,"भारतीय दंड संहिता १८६० - ३२३,३२४,३४,५०४ ;"
138,MAHARASHTRA,PUNE CITY,CHANDANNAGAR POLICE STATION,2023,220,23-05-2023 17:11,भारतीय दंड संहिता १८६० - ३७९ ;
139,MAHARASHTRA,PUNE CITY,CHANDANNAGAR POLICE STATION,2023,219,21-05-2023 17:47,"शस्‍त्र अधिनियम, १९५९ - 25,4 ; महाराष्ट्र पोलीस अधिनियम, १९५१ - 135,37(1) ;"
140,MAHARASHTRA,PUNE CITY,CHANDANNAGAR POLICE STATION,2023,217,20-05-2023 18:46,"भारतीय दंड संहिता १८६० - २७९,304-A,३३८ ; मोटरवाहन अधिनियम, १९८८ - 119,132(1)(C),177 ;"
141,MAHARASHTRA,PUNE CITY,CHANDANNAGAR POLICE STATION,2023,216,20-05-2023 17:50,"भारतीय दंड संहिता १८६० - २७९,३३८,४२७ ; मोटार वाहन अधिनियम, १९५४ - 119,177 ;"
142,MAHARASHTRA,PUNE CITY,CHANDANNAGAR POLICE STATION,2023,215,20-05-2023 17:10,"महाराष्ट्र जुगार प्रतिबंधक अधिनियम, १८८७ - 12(a) ;"
143,MAHARASHTRA,PUNE CITY,CHANDANNAGAR POLICE STATION,2023,214,20-05-2023 08:38,"भारतीय दंड संहिता १८६० - ३४,४१९,४२० ; माहिती तंत्रज्ञान (सुधारणा) अधिनियम २००८ - 66c,66d ;"
144,MAHARASHTRA,PUNE CITY,CHANDANNAGAR POLICE STATION,2023,213,19-05-2023 18:25,भारतीय दंड संहिता १८६० - ३८० ;
145,MAHARASHTRA,PUNE CITY,CHANDANNAGAR POLICE STATION,2023,212,19-05-2023 05:02,भारतीय दंड संहिता १८६० - ३७९ ;
146,MAHARASHTRA,PUNE CITY,CHANDANNAGAR POLICE STATION,2023,211,18-05-2023 16:33,भारतीय दंड संहिता १८६० - ३८० ;
147,MAHARASHTRA,PUNE CITY,CHANDANNAGAR POLICE STATION,2023,210,18-05-2023 15:53,"भारतीय दंड संहिता १८६० - ३८६,३८७ ;"
148,MAHARASHTRA,PUNE CITY,CHANDANNAGAR POLICE STATION,2023,208,18-05-2023 03:56,"शस्‍त्र अधिनियम, १९५९ - 25,4 ; फौजदारी कायदा (दुसरी सुधारणा) अधिनियम, १९८३ - 3,7 ; भारतीय दंड संहिता १८६० - ३२४,३३७,३४,506(2),५०४ ; महाराष्ट्र पोलीस अधिनियम, १९५१ - 135,37(1),37(3) ; महाराष्ट्र सावकारी (नियमन) अधिनियम, 2014 - 39 ;"
149,MAHARASHTRA,PUNE CITY,CHANDANNAGAR POLICE STATION,2023,207,18-05-2023 00:08,"भारतीय दंड संहिता १८६० - 120-B,४०६,४१९,४२०,४६८,४७१ ;"
150,MAHARASHTRA,PUNE CITY,CHANDANNAGAR POLICE STATION,2023,206,17-05-2023 22:12,"भारतीय दंड संहिता १८६० - ३४,३९२,४५२,५०६ ;"
151,MAHARASHTRA,PUNE CITY,CHANDANNAGAR POLICE STATION,2023,205,16-05-2023 19:40,"भारतीय दंड संहिता १८६० - ३२३,३२४,३४,४५२,५०६ ;"
152,MAHARASHTRA,PUNE CITY,CHANDANNAGAR POLICE STATION,2023,202,12-05-2023 16:45,भारतीय दंड संहिता १८६० - ३७९ ;
153,MAHARASHTRA,PUNE CITY,CHANDANNAGAR POLICE STATION,2023,201,12-05-2023 13:22,"भारतीय दंड संहिता १८६० - ३२३,498-A,५०४ ;"
154,MAHARASHTRA,PUNE CITY,CHANDANNAGAR POLICE STATION,2023,199,11-05-2023 20:23,"भारतीय दंड संहिता १८६० - ३२३,३२४,३४,५०४,५०६ ;"
155,MAHARASHTRA,PUNE CITY,CHANDANNAGAR POLICE STATION,2023,198,09-05-2023 15:58,"भारतीय दंड संहिता १८६० - ३२३,३२४,५०६ ; अनुसूचीत जाती आणि अनुसूचीत जमाती (अत्‍याचार प्रतिबंधक) अधिनियम, १९८९ - 3(1)(r),3(1)(s),3(2)(va) ;"
156,MAHARASHTRA,PUNE CITY,CHANDANNAGAR POLICE STATION,2023,197,09-05-2023 00:46,"भारतीय दंड संहिता १८६० - ३०६,498-A ;"
157,MAHARASHTRA,PUNE CITY,CHANDANNAGAR POLICE STATION,2023,196,09-05-2023 00:03,"भारतीय दंड संहिता १८६० - ३२३,३४,498-A,५०४,५०६ ;"
158,MAHARASHTRA,PUNE CITY,CHANDANNAGAR POLICE STATION,2023,195,08-05-2023 23:02,भारतीय दंड संहिता १८६० - ३७९ ;
159,MAHARASHTRA,PUNE CITY,CHANDANNAGAR POLICE STATION,2023,194,08-05-2023 19:50,"भारतीय दंड संहिता १८६० - ३४,३७० ; अनैतिक व्‍यापार (प्रतिबंध) अधिनियम ,१९५९ - 3,4,5 ;"
160,MAHARASHTRA,PUNE CITY,CHANDANNAGAR POLICE STATION,2023,193,07-05-2023 05:06,भारतीय दंड संहिता १८६० - ३७९ ;
161,MAHARASHTRA,PUNE CITY,CHANDANNAGAR POLICE STATION,2023,192,06-05-2023 21:54,"महाराष्ट्र दारूबंदी अधिनियम,१९४९ - 65(e) ;"
162,MAHARASHTRA,PUNE CITY,CHANDANNAGAR POLICE STATION,2023,191,06-05-2023 20:07,"महाराष्ट्र दारूबंदी अधिनियम,१९४९ - 65(e) ;"
163,MAHARASHTRA,PUNE CITY,CHANDANNAGAR POLICE STATION,2023,189,04-05-2023 20:17,"भारतीय दंड संहिता १८६० - ३२३,498-A,५०४,५०७ ;"
164,MAHARASHTRA,PUNE CITY,CHANDANNAGAR POLICE STATION,2023,188,04-05-2023 19:02,"भारतीय दंड संहिता १८६० - ३७९,४२७ ;"
165,MAHARASHTRA,PUNE CITY,CHANDANNAGAR POLICE STATION,2023,187,04-05-2023 18:47,भारतीय दंड संहिता १८६० - ३७९ ;
166,MAHARASHTRA,PUNE CITY,CHANDANNAGAR POLICE STATION,2023,185,03-05-2023 17:08,भारतीय दंड संहिता १८६० - ३७९ ;
167,MAHARASHTRA,PUNE CITY,CHATURSHINGI,2023,359,03-06-2023 21:11,"भारतीय दंड संहिता १८६० - ३७९,४२७ ;"
168,MAHARASHTRA,PUNE CITY,CHATURSHINGI,2023,358,02-06-2023 17:56,"भारतीय दंड संहिता १८६० - १४१,१४३,१४४,१४८,१४९,३३६,४२७ ; महाराष्ट्र पोलीस अधिनियम, १९५१ - 135,37(1),37(3) ;"
169,MAHARASHTRA,PUNE CITY,CHATURSHINGI,2023,357,02-06-2023 00:13,भारतीय दंड संहिता १८६० - ३७९ ;
170,MAHARASHTRA,PUNE CITY,CHATURSHINGI,2023,356,01-06-2023 21:56,"भारतीय दंड संहिता १८६० - २७९,३३७ ; मोटरवाहन अधिनियम, १९८८ - 119,177 ;"
171,MAHARASHTRA,PUNE CITY,CHATURSHINGI,2023,355,01-06-2023 15:08,"भारतीय दंड संहिता १८६० - ३२३,३२४,३२५,३७९,५०४ ;"
172,MAHARASHTRA,PUNE CITY,CHATURSHINGI,2023,354,31-05-2023 00:10,"भारतीय दंड संहिता १८६० - १७०,४१९ ;"
173,MAHARASHTRA,PUNE CITY,CHATURSHINGI,2023,353,28-05-2023 17:22,भारतीय दंड संहिता १८६० - ३७९ ;
174,MAHARASHTRA,PUNE CITY,CHATURSHINGI,2023,352,28-05-2023 11:48,"गुंगीकारक औषधीदव्‍य आणि मनोव्‍यापारावर परिणाम करणारे प्रदार्थ अधिनियम, १९८५ - 20(B)IIA,29,२२(क),8(c) ;"
175,MAHARASHTRA,PUNE CITY,CHATURSHINGI,2023,351,28-05-2023 01:10,"महाराष्ट्र दारूबंदी अधिनियम,१९४९ - 65(e) ;"
176,MAHARASHTRA,PUNE CITY,CHATURSHINGI,2023,350,28-05-2023 00:53,भारतीय दंड संहिता १८६० - ४०६ ;
177,MAHARASHTRA,PUNE CITY,CHATURSHINGI,2023,349,27-05-2023 13:34,"भारतीय दंड संहिता १८६० - ३२३,३२४,३४,५०४ ;"
178,MAHARASHTRA,PUNE CITY,CHATURSHINGI,2023,347,26-05-2023 17:28,"भारतीय दंड संहिता १८६० - ४१९,४२०,४६५,४६८,४७१ ;"
179,MAHARASHTRA,PUNE CITY,CHATURSHINGI,2023,346,26-05-2023 16:57,"भारतीय दंड संहिता १८६० - ४१९,४२० ; माहिती तंत्रज्ञान (सुधारणा) अधिनियम २००८ - 66c,66d ;"
180,MAHARASHTRA,PUNE CITY,CHATURSHINGI,2023,345,25-05-2023 23:09,"भारतीय दंड संहिता १८६० - 120-B,३४,४०६,४०९,४२० ; महाराष्ट्र ठेवीदारांच्‍या (वित्‍तीय संस्‍थामधील हितसंबंधाचे संरंक्षण) अधिनियम, १९९९ - 3,4 ;"
181,MAHARASHTRA,PUNE CITY,CHATURSHINGI,2023,344,25-05-2023 17:27,"भारतीय दंड संहिता १८६० - २७९,४२७ ; मोटरवाहन अधिनियम, १९८८ - 119,132(1)(C),177,184 ;"
182,MAHARASHTRA,PUNE CITY,CHATURSHINGI,2023,343,24-05-2023 22:35,"भारतीय दंड संहिता १८६० - ३८०,४५४,४५७ ;"
183,MAHARASHTRA,PUNE CITY,CHATURSHINGI,2023,342,24-05-2023 18:52,"महाराष्ट्र दारूबंदी अधिनियम,१९४९ - 65(e) ;"
184,MAHARASHTRA,PUNE CITY,CHATURSHINGI,2023,341,24-05-2023 16:57,"महाराष्ट्र दारूबंदी अधिनियम,१९४९ - 65(e) ;"
185,MAHARASHTRA,PUNE CITY,CHATURSHINGI,2023,340,23-05-2023 16:05,"भारतीय दंड संहिता १८६० - ३२३,३४,498-A,५०४ ;"
186,MAHARASHTRA,PUNE CITY,CHATURSHINGI,2023,339,23-05-2023 04:55,"भारतीय दंड संहिता १८६० - ३२३,३२४,३४,५०४ ;"
187,MAHARASHTRA,PUNE CITY,CHATURSHINGI,2023,338,22-05-2023 21:00,भारतीय दंड संहिता १८६० - ३८० ;
188,MAHARASHTRA,PUNE CITY,CHATURSHINGI,2023,337,22-05-2023 18:56,"भारतीय दंड संहिता १८६० - ३२६,३४,४२७,५०४,५०६ ; महाराष्ट्र पोलीस अधिनियम, १९५१ - 135,37(1) ;"
189,MAHARASHTRA,PUNE CITY,CHATURSHINGI,2023,336,20-05-2023 22:42,"भारतीय दंड संहिता १८६० - ३८०,४५४ ;"
190,MAHARASHTRA,PUNE CITY,CHATURSHINGI,2023,335,19-05-2023 21:03,"महाराष्ट्र जुगार प्रतिबंधक अधिनियम, १८८७ - 12(a) ;"
191,MAHARASHTRA,PUNE CITY,CHATURSHINGI,2023,334,19-05-2023 14:59,"भारतीय दंड संहिता १८६० - ३२३,498-A,५०४ ;"
192,MAHARASHTRA,PUNE CITY,CHATURSHINGI,2023,333,19-05-2023 11:32,"भारतीय दंड संहिता १८६० - ३२३,३२४,३४,५०४ ;"
193,MAHARASHTRA,PUNE CITY,CHATURSHINGI,2023,330,17-05-2023 18:41,भारतीय दंड संहिता १८६० - ३७९ ;
194,MAHARASHTRA,PUNE CITY,CHATURSHINGI,2023,329,17-05-2023 03:55,भारतीय दंड संहिता १८६० - ३६३ ;
195,MAHARASHTRA,PUNE CITY,CHATURSHINGI,2023,327,16-05-2023 19:50,भारतीय दंड संहिता १८६० - ३६३ ;
196,MAHARASHTRA,PUNE CITY,CHATURSHINGI,2023,326,15-05-2023 23:14,"महाराष्ट्र जुगार प्रतिबंधक अधिनियम, १८८७ - 12(a) ;"
197,MAHARASHTRA,PUNE CITY,CHATURSHINGI,2023,325,15-05-2023 20:59,"भारतीय दंड संहिता १८६० - ३४,४२०,५०६ ; महाराष्ट्र ठेवीदारांच्‍या (वित्‍तीय संस्‍थामधील हितसंबंधाचे संरंक्षण) अधिनियम, १९९९ - 3 ;"
198,MAHARASHTRA,PUNE CITY,CHATURSHINGI,2023,324,13-05-2023 19:05,"महाराष्ट्र दारूबंदी अधिनियम,१९४९ - 65(e) ;"
199,MAHARASHTRA,PUNE CITY,CHATURSHINGI,2023,323,12-05-2023 16:44,"भारतीय दंड संहिता १८६० - ३२४,५०४ ;"
200,MAHARASHTRA,PUNE CITY,CHATURSHINGI,2023,321,11-05-2023 22:56,"भारतीय दंड संहिता १८६० - ३२४,५०४ ;"
201,MAHARASHTRA,PUNE CITY,CHATURSHINGI,2023,320,11-05-2023 17:44,"भारतीय दंड संहिता १८६० - ३४,४०६,४०९,४२० ; महाराष्ट्र ठेवीदारांच्‍या (वित्‍तीय संस्‍थामधील हितसंबंधाचे संरंक्षण) अधिनियम, १९९९ - 3,4 ;"
202,MAHARASHTRA,PUNE CITY,CHATURSHINGI,2023,318,10-05-2023 13:02,भारतीय दंड संहिता १८६० - ३०६ ;
203,MAHARASHTRA,PUNE CITY,CHATURSHINGI,2023,317,10-05-2023 06:52,"गुंगीकारक औषधीदव्‍य आणि मनोव्‍यापारावर परिणाम करणारे प्रदार्थ अधिनियम, १९८५ - 21 (b) ,8(c) ;"
204,MAHARASHTRA,PUNE CITY,CHATURSHINGI,2023,316,10-05-2023 02:28,"भारतीय दंड संहिता १८६० - २७९,३३७ ; मोटार वाहन अधिनियम, १९५४ - 119,177 ;"
205,MAHARASHTRA,PUNE CITY,CHATURSHINGI,2023,315,09-05-2023 14:44,भारतीय दंड संहिता १८६० - ३८१ ;
206,MAHARASHTRA,PUNE CITY,CHATURSHINGI,2023,314,09-05-2023 12:22,भारतीय दंड संहिता १८६० - ३७९ ;
207,MAHARASHTRA,PUNE CITY,CHATURSHINGI,2023,313,08-05-2023 20:33,भारतीय दंड संहिता १८६० - ३७९ ;
208,MAHARASHTRA,PUNE CITY,CHATURSHINGI,2023,312,07-05-2023 22:19,"महाराष्ट्र दारूबंदी अधिनियम,१९४९ - 65(e) ;"
209,MAHARASHTRA,PUNE CITY,CHATURSHINGI,2023,311,07-05-2023 13:35,"भारतीय दंड संहिता १८६० - ३४,३८०,४५७ ;"
210,MAHARASHTRA,PUNE CITY,CHATURSHINGI,2023,309,07-05-2023 01:24,"भारतीय दंड संहिता १८६० - ३२४,३४,३६५ ;"
211,MAHARASHTRA,PUNE CITY,CHATURSHINGI,2023,308,06-05-2023 23:11,"भारतीय दंड संहिता १८६० - २७९,३३७ ; मोटार वाहन अधिनियम, १९५४ - 119,177 ;"
212,MAHARASHTRA,PUNE CITY,CHATURSHINGI,2023,307,06-05-2023 22:34,"महाराष्ट्र दारूबंदी अधिनियम,१९४९ - 65(e) ;"
213,MAHARASHTRA,PUNE CITY,CHATURSHINGI,2023,306,06-05-2023 19:25,"महाराष्ट्र दारूबंदी अधिनियम,१९४९ - 65(e) ;"
214,MAHARASHTRA,PUNE CITY,CHATURSHINGI,2023,305,06-05-2023 18:11,भारतीय दंड संहिता १८६० - ३७९ ;
215,MAHARASHTRA,PUNE CITY,CHATURSHINGI,2023,303,06-05-2023 09:04,"भारतीय दंड संहिता १८६० - ३४,३७९ ;"
216,MAHARASHTRA,PUNE CITY,CHATURSHINGI,2023,302,05-05-2023 15:41,"महाराष्ट्र दारूबंदी अधिनियम,१९४९ - 65(f) ;"
217,MAHARASHTRA,PUNE CITY,CHATURSHINGI,2023,301,03-05-2023 01:11,"महाराष्ट्र जुगार प्रतिबंधक अधिनियम, १८८७ - 12(a) ;"
218,MAHARASHTRA,PUNE CITY,DATTAWADI,2023,149,02-06-2023 19:16,"महाराष्ट्र जुगार प्रतिबंधक अधिनियम, १८८७ - 12(a) ;"
219,MAHARASHTRA,PUNE CITY,DATTAWADI,2023,148,31-05-2023 23:42,भारतीय दंड संहिता १८६० - १६० ;
220,MAHARASHTRA,PUNE CITY,DATTAWADI,2023,147,29-05-2023 20:36,"शस्‍त्र अधिनियम, १९५९ - 25,4 ; भारतीय दंड संहिता १८६० - १४३,१४७,१४९,३२६,५०४ ; महाराष्ट्र पोलीस अधिनियम, १९५१ - 135,37(1),37(3) ;"
221,MAHARASHTRA,PUNE CITY,DATTAWADI,2023,146,29-05-2023 09:34,"शस्‍त्र अधिनियम, १९५९ - 25,4 ; फौजदारी कायदा (दुसरी सुधारणा) अधिनियम, १९८३ - 7 ; भारतीय दंड संहिता १८६० - १४३,१४७,१४९,३०७,५०४,५०६ ; महाराष्ट्र पोलीस अधिनियम, १९५१ - 135,3,37(1) ;"
222,MAHARASHTRA,PUNE CITY,DATTAWADI,2023,145,29-05-2023 08:23,"शस्‍त्र अधिनियम, १९५९ - 25,4 ; भारतीय दंड संहिता १८६० - १४३,१४४,१४७,१४८,१४९,३२६,५०४ ; महाराष्ट्र पोलीस अधिनियम, १९५१ - 135,37(1) ;"
223,MAHARASHTRA,PUNE CITY,DATTAWADI,2023,144,27-05-2023 23:14,"महाराष्ट्र दारूबंदी अधिनियम,१९४९ - 65(d) ;"
224,MAHARASHTRA,PUNE CITY,DATTAWADI,2023,143,27-05-2023 22:41,"महाराष्ट्र दारूबंदी अधिनियम,१९४९ - 65(e) ;"
225,MAHARASHTRA,PUNE CITY,DATTAWADI,2023,142,27-05-2023 21:06,"भारतीय दंड संहिता १८६० - ३२३,३२४,५०४,५०६ ;"
226,MAHARASHTRA,PUNE CITY,DATTAWADI,2023,141,24-05-2023 14:01,भारतीय दंड संहिता १८६० - ३०२ ;
227,MAHARASHTRA,PUNE CITY,DATTAWADI,2023,140,24-05-2023 01:59,"भारतीय दंड संहिता १८६० - ३४,३४१,३६३,३९२ ;"
228,MAHARASHTRA,PUNE CITY,DATTAWADI,2023,139,21-05-2023 16:51,भारतीय दंड संहिता १८६० - ३८० ;
229,MAHARASHTRA,PUNE CITY,DATTAWADI,2023,138,18-05-2023 16:01,"भारतीय दंड संहिता १८६० - ३२३,३२४,३४,506(2),५०४ ;"
230,MAHARASHTRA,PUNE CITY,DATTAWADI,2023,137,15-05-2023 23:56,"भारतीय दंड संहिता १८६० - ३२६,३४,५०४,५०६ ;"
231,MAHARASHTRA,PUNE CITY,DATTAWADI,2023,136,15-05-2023 19:58,भारतीय दंड संहिता १८६० - ३६३ ;
232,MAHARASHTRA,PUNE CITY,DATTAWADI,2023,135,11-05-2023 16:14,"महाराष्ट्र दारूबंदी अधिनियम,१९४९ - 65(d) ;"
233,MAHARASHTRA,PUNE CITY,DATTAWADI,2023,134,09-05-2023 20:40,"भारतीय दंड संहिता १८६० - ३४,४२० ;"
234,MAHARASHTRA,PUNE CITY,DATTAWADI,2023,132,08-05-2023 15:28,"भारतीय दंड संहिता १८६० - ३२३,३४,498-A,५०४,५०६ ;"
235,MAHARASHTRA,PUNE CITY,DATTAWADI,2023,131,06-05-2023 23:49,"महाराष्ट्र दारूबंदी अधिनियम,१९४९ - 65(e) ;"
236,MAHARASHTRA,PUNE CITY,DATTAWADI,2023,130,06-05-2023 18:04,"महाराष्ट्र दारूबंदी अधिनियम,१९४९ - 65(d) ;"
237,MAHARASHTRA,PUNE CITY,DATTAWADI,2023,129,06-05-2023 17:32,"महाराष्ट्र दारूबंदी अधिनियम,१९४९ - 65(e) ;"
238,MAHARASHTRA,PUNE CITY,DATTAWADI,2023,128,04-05-2023 22:20,"भारतीय दंड संहिता १८६० - २७९,४२७ ; मोटरवाहन अधिनियम, १९८८ - 119,177 ;"
239,MAHARASHTRA,PUNE CITY,DECCAN,2023,91,03-06-2023 02:38,भारतीय दंड संहिता १८६० - ३६३ ;
240,MAHARASHTRA,PUNE CITY,DECCAN,2023,90,01-06-2023 16:27,भारतीय दंड संहिता १८६० - ३७९ ;
241,MAHARASHTRA,PUNE CITY,DECCAN,2023,89,31-05-2023 01:01,भारतीय दंड संहिता १८६० - ३७९ ;
242,MAHARASHTRA,PUNE CITY,DECCAN,2023,88,29-05-2023 19:21,भारतीय दंड संहिता १८६० - ३७९ ;
243,MAHARASHTRA,PUNE CITY,DECCAN,2023,87,29-05-2023 17:34,भारतीय दंड संहिता १८६० - ३७९ ;
244,MAHARASHTRA,PUNE CITY,DECCAN,2023,86,28-05-2023 12:13,"भारतीय दंड संहिता १८६० - ३२४,३४,३४१ ;"
245,MAHARASHTRA,PUNE CITY,DECCAN,2023,84,24-05-2023 19:03,"भारतीय दंड संहिता १८६० - ४०४,४०६,४०८,४०९,४२० ;"
246,MAHARASHTRA,PUNE CITY,DECCAN,2023,83,19-05-2023 17:09,भारतीय दंड संहिता १८६० - ३७९ ;
247,MAHARASHTRA,PUNE CITY,DECCAN,2023,81,16-05-2023 11:43,"गुंगीकारक औषधीदव्‍य आणि मनोव्‍यापारावर परिणाम करणारे प्रदार्थ अधिनियम, १९८५ - २२(क),8(c) ;"
248,MAHARASHTRA,PUNE CITY,DECCAN,2023,80,13-05-2023 21:39,"भारतीय दंड संहिता १८६० - ३४,४०६,४२०,४६७,४६८,४७१ ;"
249,MAHARASHTRA,PUNE CITY,DECCAN,2023,79,11-05-2023 22:37,"भारतीय दंड संहिता १८६० - २७९,३३८ ; मोटरवाहन अधिनियम, १९८८ - 134(A),134(B) ;"
250,MAHARASHTRA,PUNE CITY,DECCAN,2023,77,09-05-2023 21:54,भारतीय दंड संहिता १८६० - ३७९ ;
251,MAHARASHTRA,PUNE CITY,DECCAN,2023,76,09-05-2023 01:08,भारतीय दंड संहिता १८६० - ३७९ ;
252,MAHARASHTRA,PUNE CITY,DECCAN,2023,75,04-05-2023 19:35,"भारतीय दंड संहिता १८६० - ४१९,४२० ; माहिती तंत्रज्ञान (सुधारणा) अधिनियम २००८ - 66c,66d ;"
253,MAHARASHTRA,PUNE CITY,DECCAN,2023,74,04-05-2023 00:11,भारतीय दंड संहिता १८६० - ३७९ ;
254,MAHARASHTRA,PUNE CITY,FARASKHANA,2023,86,28-05-2023 11:13,"भारतीय दंड संहिता १८६० - ३२३,३२४,३४,५०४,५०६ ;"
255,MAHARASHTRA,PUNE CITY,FARASKHANA,2023,84,26-05-2023 14:40,"भारतीय दंड संहिता १८६० - ३४,३७९ ;"
256,MAHARASHTRA,PUNE CITY,FARASKHANA,2023,83,24-05-2023 20:19,"महाराष्ट्र पोलीस अधिनियम, १९५१ - 142 ;"
257,MAHARASHTRA,PUNE CITY,FARASKHANA,2023,81,18-05-2023 18:47,भारतीय दंड संहिता १८६० - ३७९ ;
258,MAHARASHTRA,PUNE CITY,FARASKHANA,2023,80,17-05-2023 05:35,"भारतीय दंड संहिता १८६० - ३८०,४५४ ;"
259,MAHARASHTRA,PUNE CITY,FARASKHANA,2023,79,16-05-2023 02:46,"भारतीय दंड संहिता १८६० - ३२३,३२४,३४ ;"
260,MAHARASHTRA,PUNE CITY,FARASKHANA,2023,78,15-05-2023 22:35,"महाराष्ट्र दारूबंदी अधिनियम,१९४९ - 65(e) ;"
261,MAHARASHTRA,PUNE CITY,FARASKHANA,2023,77,13-05-2023 18:43,"महाराष्ट्र जुगार प्रतिबंधक अधिनियम, १८८७ - 12(a) ;"
262,MAHARASHTRA,PUNE CITY,FARASKHANA,2023,76,09-05-2023 21:36,भारतीय दंड संहिता १८६० - ३७९ ;
263,MAHARASHTRA,PUNE CITY,FARASKHANA,2023,75,09-05-2023 01:03,"भारतीय दंड संहिता १८६० - ३४,३९२,५०४ ;"
264,MAHARASHTRA,PUNE CITY,FARASKHANA,2023,74,08-05-2023 15:07,"शस्‍त्र अधिनियम, १९५९ - 25,4 ; महाराष्ट्र पोलीस अधिनियम, १९५१ - 135,37(1) ;"
265,MAHARASHTRA,PUNE CITY,FARASKHANA,2023,73,06-05-2023 20:55,"भारतीय दंड संहिता १८६० - ३४,४१९,४२० ; माहिती तंत्रज्ञान (सुधारणा) अधिनियम २००८ - 66d ;"
266,MAHARASHTRA,PUNE CITY,FARASKHANA,2023,72,06-05-2023 19:43,"महाराष्ट्र जुगार प्रतिबंधक अधिनियम, १८८७ - 12(a) ;"
267,MAHARASHTRA,PUNE CITY,FARASKHANA,2023,71,06-05-2023 18:50,"भारतीय दंड संहिता १८६० - ४०६,४२० ;"
268,MAHARASHTRA,PUNE CITY,FARASKHANA,2023,70,05-05-2023 20:40,"महाराष्ट्र दारूबंदी अधिनियम,१९४९ - 65(e) ;"
269,MAHARASHTRA,PUNE CITY,HADAPSAR,2023,828,03-06-2023 09:07,"भारतीय दंड संहिता १८६० - २७९,३३६ ; मोटरवाहन अधिनियम, १९८८ - 184,3 ;"
270,MAHARASHTRA,PUNE CITY,HADAPSAR,2023,827,03-06-2023 02:58,"भारतीय दंड संहिता १८६० - २७९,३३६,४२७ ; मोटरवाहन अधिनियम, १९८८ - 134(A),134(B),184 ;"
271,MAHARASHTRA,PUNE CITY,HADAPSAR,2023,824,02-06-2023 20:44,भारतीय दंड संहिता १८६० - ३७९ ;
272,MAHARASHTRA,PUNE CITY,HADAPSAR,2023,822,02-06-2023 17:36,भारतीय दंड संहिता १८६० - ३७९ ;
273,MAHARASHTRA,PUNE CITY,HADAPSAR,2023,820,01-06-2023 19:47,"भारतीय दंड संहिता १८६० - ३४,४०६,४२० ;"
274,MAHARASHTRA,PUNE CITY,HADAPSAR,2023,819,01-06-2023 18:22,भारतीय दंड संहिता १८६० - ३७९ ;
275,MAHARASHTRA,PUNE CITY,HADAPSAR,2023,818,01-06-2023 14:22,भारतीय दंड संहिता १८६० - ३७९ ;
276,MAHARASHTRA,PUNE CITY,HADAPSAR,2023,817,01-06-2023 04:48,"भारतीय दंड संहिता १८६० - ३२३,३२४,५०४,५०६ ;"
277,MAHARASHTRA,PUNE CITY,HADAPSAR,2023,816,31-05-2023 14:26,भारतीय दंड संहिता १८६० - ३७९ ;
278,MAHARASHTRA,PUNE CITY,HADAPSAR,2023,815,31-05-2023 04:15,"भारतीय दंड संहिता १८६० - ३२४,३४,५०४ ;"
279,MAHARASHTRA,PUNE CITY,HADAPSAR,2023,814,31-05-2023 02:01,"महाराष्ट्र जुगार प्रतिबंधक अधिनियम, १८८७ - 12(a) ;"
280,MAHARASHTRA,PUNE CITY,HADAPSAR,2023,813,31-05-2023 01:21,भारतीय दंड संहिता १८६० - ३७९ ;
281,MAHARASHTRA,PUNE CITY,HADAPSAR,2023,812,30-05-2023 22:05,भारतीय दंड संहिता १८६० - ३६३ ;
282,MAHARASHTRA,PUNE CITY,HADAPSAR,2023,811,30-05-2023 17:53,भारतीय दंड संहिता १८६० - ३८० ;
283,MAHARASHTRA,PUNE CITY,HADAPSAR,2023,810,30-05-2023 04:04,भारतीय दंड संहिता १८६० - ३७९ ;
284,MAHARASHTRA,PUNE CITY,HADAPSAR,2023,808,29-05-2023 22:35,भारतीय दंड संहिता १८६० - ३७९ ;
285,MAHARASHTRA,PUNE CITY,HADAPSAR,2023,807,29-05-2023 21:54,"भारतीय दंड संहिता १८६० - ३२३,३४,498-A,५०४,५०६ ;"
286,MAHARASHTRA,PUNE CITY,HADAPSAR,2023,805,29-05-2023 17:09,"भारतीय दंड संहिता १८६० - ३२३,३४,498-A,५०४ ;"
287,MAHARASHTRA,PUNE CITY,HADAPSAR,2023,804,29-05-2023 04:43,"भारतीय दंड संहिता १८६० - २७९,३३८,५०६ ; मोटरवाहन अधिनियम, १९८८ - 132(1)(C) ; मोटार वाहन अधिनियम, १९५४ - 119,177,184 ;"
288,MAHARASHTRA,PUNE CITY,HADAPSAR,2023,803,28-05-2023 21:48,भारतीय दंड संहिता १८६० - ३९२ ;
289,MAHARASHTRA,PUNE CITY,HADAPSAR,2023,802,28-05-2023 14:38,"भारतीय दंड संहिता १८६० - ३४,४२९ ; मोटरवाहन अधिनियम, १९८८ - 192,66 ; महाराष्ट्र पशु संरक्षण अधिनियम, १९७६ - ९ए,९बी ; महाराष्‍ट्र प्राणी संरक्षण (सुधारणा)अधिनियम,१९९५ - ५क,५ब ;"
290,MAHARASHTRA,PUNE CITY,HADAPSAR,2023,801,28-05-2023 03:54,"भारतीय दंड संहिता १८६० - २७९,३३७,४२७ ; मोटार वाहन अधिनियम, १९५४ - 119,177,184 ;"
291,MAHARASHTRA,PUNE CITY,HADAPSAR,2023,799,27-05-2023 20:44,"शस्‍त्र अधिनियम, १९५९ - 25,4 ; महाराष्ट्र पोलीस अधिनियम, १९५१ - 135,37(1) ;"
292,MAHARASHTRA,PUNE CITY,HADAPSAR,2023,798,27-05-2023 20:09,"भारतीय दंड संहिता १८६० - ३४,४१९,४२० ;"
293,MAHARASHTRA,PUNE CITY,HADAPSAR,2023,797,27-05-2023 16:34,"भारतीय दंड संहिता १८६० - ३२३,३२४,३४,५०४ ;"
294,MAHARASHTRA,PUNE CITY,HADAPSAR,2023,795,26-05-2023 20:57,"भारतीय दंड संहिता १८६० - ३४,४१९,४२० ;"
295,MAHARASHTRA,PUNE CITY,HADAPSAR,2023,794,26-05-2023 18:35,"भारतीय दंड संहिता १८६० - ३२३,३४,498-A,५०४ ;"
296,MAHARASHTRA,PUNE CITY,HADAPSAR,2023,792,25-05-2023 18:59,"भारतीय दंड संहिता १८६० - ३४,३७९ ;"
297,MAHARASHTRA,PUNE CITY,HADAPSAR,2023,791,25-05-2023 04:21,"भारतीय दंड संहिता १८६० - ३२३,३२४,३४,५०४ ;"
298,MAHARASHTRA,PUNE CITY,HADAPSAR,2023,790,25-05-2023 03:52,"भारतीय दंड संहिता १८६० - २७९,३३८,४२७ ; मोटरवाहन अधिनियम, १९८८ - 132(1)(C) ; मोटार वाहन अधिनियम, १९५४ - 119,177,184 ;"
299,MAHARASHTRA,PUNE CITY,HADAPSAR,2023,789,25-05-2023 02:59,"महाराष्ट्र दारूबंदी अधिनियम,१९४९ - 65(d) ;"
300,MAHARASHTRA,PUNE CITY,HADAPSAR,2023,788,25-05-2023 01:36,भारतीय दंड संहिता १८६० - ३७९ ;
351,MAHARASHTRA,PUNE CITY,HADAPSAR,2023,729,14-05-2023 11:41,"भारतीय दंड संहिता १८६० - ३२६,५०४ ;"
352,MAHARASHTRA,PUNE CITY,HADAPSAR,2023,728,14-05-2023 06:09,"भारतीय दंड संहिता १८६० - ३२४,३४,५०४ ;"
353,MAHARASHTRA,PUNE CITY,HADAPSAR,2023,727,14-05-2023 03:38,भारतीय दंड संहिता १८६० - ३८० ;
354,MAHARASHTRA,PUNE CITY,HADAPSAR,2023,725,14-05-2023 01:54,"महाराष्ट्र दारूबंदी अधिनियम,१९४९ - 65(e) ;"
355,MAHARASHTRA,PUNE CITY,HADAPSAR,2023,724,13-05-2023 23:48,"महाराष्ट्र दारूबंदी अधिनियम,१९४९ - 65(e) ;"
356,MAHARASHTRA,PUNE CITY,HADAPSAR,2023,723,13-05-2023 19:45,"महाराष्ट्र दारूबंदी अधिनियम,१९४९ - 65(e) ;"
357,MAHARASHTRA,PUNE CITY,HADAPSAR,2023,722,13-05-2023 05:38,"भारतीय दंड संहिता १८६० - ३४,४१९,४२० ; माहिती तंत्रज्ञान अधिनियम, २००० - ६६(ड) ;"
358,MAHARASHTRA,PUNE CITY,HADAPSAR,2023,721,12-05-2023 22:32,"महाराष्ट्र दारूबंदी अधिनियम,१९४९ - 65(e) ;"
359,MAHARASHTRA,PUNE CITY,HADAPSAR,2023,720,12-05-2023 21:03,"महाराष्ट्र दारूबंदी अधिनियम,१९४९ - 65(d) ;"
360,MAHARASHTRA,PUNE CITY,HADAPSAR,2023,719,12-05-2023 20:08,"भारतीय दंड संहिता १८६० - ३०६,३४,४०६,४२०,४६५,४६८ ;"
361,MAHARASHTRA,PUNE CITY,HADAPSAR,2023,717,12-05-2023 09:55,"भारतीय दंड संहिता १८६० - २७२,२७३,२८५,३२८ ; महाराष्ट्र पोलीस अधिनियम, १९५१ - 102,103,131,33(w) ; अन्न सुरक्षा आणि मानके अधिनियम २००६ - 26(2)(i),26(2)(iv),3(1)(zz)(iv) ;"
362,MAHARASHTRA,PUNE CITY,HADAPSAR,2023,716,11-05-2023 23:33,भारतीय दंड संहिता १८६० - ३०२ ;
363,MAHARASHTRA,PUNE CITY,HADAPSAR,2023,715,11-05-2023 23:01,"भारतीय दंड संहिता १८६० - २७९,३३८ ; मोटार वाहन अधिनियम, १९५४ - 119,177,184 ;"
364,MAHARASHTRA,PUNE CITY,HADAPSAR,2023,714,11-05-2023 21:33,"भारतीय दंड संहिता १८६० - ३२४,५०४ ;"
365,MAHARASHTRA,PUNE CITY,HADAPSAR,2023,713,11-05-2023 20:08,"प्रतिलिपी अधिकार अधिनियम, १९५७ (सुधारीत अधिनियम १९८४ आणि १९९४) - 63,65 ;"
366,MAHARASHTRA,PUNE CITY,HADAPSAR,2023,712,11-05-2023 19:18,भारतीय दंड संहिता १८६० - ३७९ ;
367,MAHARASHTRA,PUNE CITY,HADAPSAR,2023,711,11-05-2023 11:06,"महाराष्ट्र दारूबंदी अधिनियम,१९४९ - 65(d) ;"
368,MAHARASHTRA,PUNE CITY,HADAPSAR,2023,710,11-05-2023 04:19,"भारतीय दंड संहिता १८६० - ३२३,३२४,५०४,५०६ ;"
369,MAHARASHTRA,PUNE CITY,HADAPSAR,2023,708,10-05-2023 18:18,"भारतीय दंड संहिता १८६० - ३४,४०६,४०९,४२० ;"
370,MAHARASHTRA,PUNE CITY,HADAPSAR,2023,706,10-05-2023 00:27,"भारतीय दंड संहिता १८६० - १८५,२७९,४२७ ; मोटरवाहन अधिनियम, १९८८ - 119,177,184 ;"
371,MAHARASHTRA,PUNE CITY,HADAPSAR,2023,705,09-05-2023 22:39,"भारतीय दंड संहिता १८६० - ३८०,४५४ ;"
372,MAHARASHTRA,PUNE CITY,HADAPSAR,2023,704,09-05-2023 21:05,भारतीय दंड संहिता १८६० - ३७९ ;
373,MAHARASHTRA,PUNE CITY,HADAPSAR,2023,703,09-05-2023 03:16,भारतीय दंड संहिता १८६० - ३८० ;
374,MAHARASHTRA,PUNE CITY,HADAPSAR,2023,702,09-05-2023 01:25,भारतीय दंड संहिता १८६० - ३७९ ;
375,MAHARASHTRA,PUNE CITY,HADAPSAR,2023,701,08-05-2023 22:47,भारतीय दंड संहिता १८६० - ३७९ ;
376,MAHARASHTRA,PUNE CITY,HADAPSAR,2023,700,08-05-2023 20:04,"महाराष्ट्र दारूबंदी अधिनियम,१९४९ - 65(e) ;"
377,MAHARASHTRA,PUNE CITY,HADAPSAR,2023,699,08-05-2023 19:29,भारतीय दंड संहिता १८६० - ३७९ ;
378,MAHARASHTRA,PUNE CITY,HADAPSAR,2023,698,08-05-2023 18:01,भारतीय दंड संहिता १८६० - ३८० ;
379,MAHARASHTRA,PUNE CITY,HADAPSAR,2023,696,08-05-2023 03:52,"भारतीय दंड संहिता १८६० - २७९,३३७,४२७ ; मोटरवाहन अधिनियम, १९८८ - 119,177,184 ;"
380,MAHARASHTRA,PUNE CITY,HADAPSAR,2023,695,06-05-2023 20:56,"महाराष्ट्र दारूबंदी अधिनियम,१९४९ - 65(e) ;"
381,MAHARASHTRA,PUNE CITY,HADAPSAR,2023,694,06-05-2023 20:15,"जेष्‍ठ नागरीक आणि पालक यांचे पालनपोषण आणि कल्‍याण अधिनियम, २००७ - 24 ;"
382,MAHARASHTRA,PUNE CITY,HADAPSAR,2023,693,06-05-2023 19:45,"महाराष्ट्र दारूबंदी अधिनियम,१९४९ - 65(d) ;"
383,MAHARASHTRA,PUNE CITY,HADAPSAR,2023,691,05-05-2023 22:26,भारतीय दंड संहिता १८६० - ३७९ ;
384,MAHARASHTRA,PUNE CITY,HADAPSAR,2023,688,04-05-2023 22:43,"महाराष्ट्र दारूबंदी अधिनियम,१९४९ - 65(e) ;"
385,MAHARASHTRA,PUNE CITY,HADAPSAR,2023,687,04-05-2023 22:32,"महाराष्ट्र दारूबंदी अधिनियम,१९४९ - 65(e) ;"
386,MAHARASHTRA,PUNE CITY,HADAPSAR,2023,686,04-05-2023 21:25,"भारतीय दंड संहिता १८६० - २७९,४२७ ; महाराष्ट्र मोटार वाहन नियम, 1989 - 119,132,177,184 ;"
387,MAHARASHTRA,PUNE CITY,HADAPSAR,2023,685,04-05-2023 20:42,"महाराष्ट्र पोलीस अधिनियम, १९५१ - 142 ;"
388,MAHARASHTRA,PUNE CITY,HADAPSAR,2023,682,04-05-2023 17:30,"भारतीय दंड संहिता १८६० - ३२३,३२४,३४,५०४ ;"
389,MAHARASHTRA,PUNE CITY,HADAPSAR,2023,681,04-05-2023 04:24,"भारतीय दंड संहिता १८६० - ४१९,४२० ; माहिती तंत्रज्ञान (सुधारणा) अधिनियम २००८ - 66c,66d ;"
390,MAHARASHTRA,PUNE CITY,HADAPSAR,2023,679,04-05-2023 03:38,"महाराष्ट्र जुगार प्रतिबंधक अधिनियम, १८८७ - 4,5 ;"
391,MAHARASHTRA,PUNE CITY,HADAPSAR,2023,678,04-05-2023 03:08,"महाराष्ट्र पोलीस अधिनियम, १९५१ - 142 ;"
392,MAHARASHTRA,PUNE CITY,HADAPSAR,2023,676,03-05-2023 10:46,"भारतीय दंड संहिता १८६० - ३२३,३२४,३४,५०४ ;"
393,MAHARASHTRA,PUNE CITY,HADAPSAR,2023,675,03-05-2023 05:09,"भारतीय दंड संहिता १८६० - २७९,३३७,४२७ ; मोटरवाहन अधिनियम, १९८८ - 119,177,184 ;"
394,MAHARASHTRA,PUNE CITY,HADAPSAR,2023,673,03-05-2023 01:38,भारतीय दंड संहिता १८६० - ३८० ;
395,MAHARASHTRA,PUNE CITY,KHADAK POLICE STATION,2023,179,03-06-2023 20:35,भारतीय दंड संहिता १८६० - १६० ;
396,MAHARASHTRA,PUNE CITY,KHADAK POLICE STATION,2023,176,30-05-2023 16:42,"भारतीय दंड संहिता १८६० - ४०६,४२० ;"
397,MAHARASHTRA,PUNE CITY,KHADAK POLICE STATION,2023,175,30-05-2023 01:18,"भारतीय दंड संहिता १८६० - ३२३,३२४,३४,५०४,५०६ ;"
398,MAHARASHTRA,PUNE CITY,KHADAK POLICE STATION,2023,174,28-05-2023 23:13,"महाराष्ट्र दारूबंदी अधिनियम,१९४९ - 65(e) ;"
399,MAHARASHTRA,PUNE CITY,KHADAK POLICE STATION,2023,173,27-05-2023 21:02,"महाराष्ट्र दारूबंदी अधिनियम,१९४९ - 65(e) ;"
400,MAHARASHTRA,PUNE CITY,KHADAK POLICE STATION,2023,172,26-05-2023 20:09,भारतीय दंड संहिता १८६० - ३९२ ;
351,MAHARASHTRA,PUNE CITY,HADAPSAR,2023,729,14-05-2023 11:41,"भारतीय दंड संहिता १८६० - ३२६,५०४ ;"
352,MAHARASHTRA,PUNE CITY,HADAPSAR,2023,728,14-05-2023 06:09,"भारतीय दंड संहिता १८६० - ३२४,३४,५०४ ;"
353,MAHARASHTRA,PUNE CITY,HADAPSAR,2023,727,14-05-2023 03:38,भारतीय दंड संहिता १८६० - ३८० ;
354,MAHARASHTRA,PUNE CITY,HADAPSAR,2023,725,14-05-2023 01:54,"महाराष्ट्र दारूबंदी अधिनियम,१९४९ - 65(e) ;"
355,MAHARASHTRA,PUNE CITY,HADAPSAR,2023,724,13-05-2023 23:48,"महाराष्ट्र दारूबंदी अधिनियम,१९४९ - 65(e) ;"
356,MAHARASHTRA,PUNE CITY,HADAPSAR,2023,723,13-05-2023 19:45,"महाराष्ट्र दारूबंदी अधिनियम,१९४९ - 65(e) ;"
357,MAHARASHTRA,PUNE CITY,HADAPSAR,2023,722,13-05-2023 05:38,"भारतीय दंड संहिता १८६० - ३४,४१९,४२० ; माहिती तंत्रज्ञान अधिनियम, २००० - ६६(ड) ;"
358,MAHARASHTRA,PUNE CITY,HADAPSAR,2023,721,12-05-2023 22:32,"महाराष्ट्र दारूबंदी अधिनियम,१९४९ - 65(e) ;"
359,MAHARASHTRA,PUNE CITY,HADAPSAR,2023,720,12-05-2023 21:03,"महाराष्ट्र दारूबंदी अधिनियम,१९४९ - 65(d) ;"
360,MAHARASHTRA,PUNE CITY,HADAPSAR,2023,719,12-05-2023 20:08,"भारतीय दंड संहिता १८६० - ३०६,३४,४०६,४२०,४६५,४६८ ;"
361,MAHARASHTRA,PUNE CITY,HADAPSAR,2023,717,12-05-2023 09:55,"भारतीय दंड संहिता १८६० - २७२,२७३,२८५,३२८ ; महाराष्ट्र पोलीस अधिनियम, १९५१ - 102,103,131,33(w) ; अन्न सुरक्षा आणि मानके अधिनियम २००६ - 26(2)(i),26(2)(iv),3(1)(zz)(iv) ;"
362,MAHARASHTRA,PUNE CITY,HADAPSAR,2023,716,11-05-2023 23:33,भारतीय दंड संहिता १८६० - ३०२ ;
363,MAHARASHTRA,PUNE CITY,HADAPSAR,2023,715,11-05-2023 23:01,"भारतीय दंड संहिता १८६० - २७९,३३८ ; मोटार वाहन अधिनियम, १९५४ - 119,177,184 ;"
364,MAHARASHTRA,PUNE CITY,HADAPSAR,2023,714,11-05-2023 21:33,"भारतीय दंड संहिता १८६० - ३२४,५०४ ;"
365,MAHARASHTRA,PUNE CITY,HADAPSAR,2023,713,11-05-2023 20:08,"प्रतिलिपी अधिकार अधिनियम, १९५७ (सुधारीत अधिनियम १९८४ आणि १९९४) - 63,65 ;"
366,MAHARASHTRA,PUNE CITY,HADAPSAR,2023,712,11-05-2023 19:18,भारतीय दंड संहिता १८६० - ३७९ ;
367,MAHARASHTRA,PUNE CITY,HADAPSAR,2023,711,11-05-2023 11:06,"महाराष्ट्र दारूबंदी अधिनियम,१९४९ - 65(d) ;"
368,MAHARASHTRA,PUNE CITY,HADAPSAR,2023,710,11-05-2023 04:19,"भारतीय दंड संहिता १८६० - ३२३,३२४,५०४,५०६ ;"
369,MAHARASHTRA,PUNE CITY,HADAPSAR,2023,708,10-05-2023 18:18,"भारतीय दंड संहिता १८६० - ३४,४०६,४०९,४२० ;"
370,MAHARASHTRA,PUNE CITY,HADAPSAR,2023,706,10-05-2023 00:27,"भारतीय दंड संहिता १८६० - १८५,२७९,४२७ ; मोटरवाहन अधिनियम, १९८८ - 119,177,184 ;"
371,MAHARASHTRA,PUNE CITY,HADAPSAR,2023,705,09-05-2023 22:39,"भारतीय दंड संहिता १८६० - ३८०,४५४ ;"
372,MAHARASHTRA,PUNE CITY,HADAPSAR,2023,704,09-05-2023 21:05,भारतीय दंड संहिता १८६० - ३७९ ;
373,MAHARASHTRA,PUNE CITY,HADAPSAR,2023,703,09-05-2023 03:16,भारतीय दंड संहिता १८६० - ३८० ;
374,MAHARASHTRA,PUNE CITY,HADAPSAR,2023,702,09-05-2023 01:25,भारतीय दंड संहिता १८६० - ३७९ ;
375,MAHARASHTRA,PUNE CITY,HADAPSAR,2023,701,08-05-2023 22:47,भारतीय दंड संहिता १८६० - ३७९ ;
376,MAHARASHTRA,PUNE CITY,HADAPSAR,2023,700,08-05-2023 20:04,"महाराष्ट्र दारूबंदी अधिनियम,१९४९ - 65(e) ;"
377,MAHARASHTRA,PUNE CITY,HADAPSAR,2023,699,08-05-2023 19:29,भारतीय दंड संहिता १८६० - ३७९ ;
378,MAHARASHTRA,PUNE CITY,HADAPSAR,2023,698,08-05-2023 18:01,भारतीय दंड संहिता १८६० - ३८० ;
379,MAHARASHTRA,PUNE CITY,HADAPSAR,2023,696,08-05-2023 03:52,"भारतीय दंड संहिता १८६० - २७९,३३७,४२७ ; मोटरवाहन अधिनियम, १९८८ - 119,177,184 ;"
380,MAHARASHTRA,PUNE CITY,HADAPSAR,2023,695,06-05-2023 20:56,"महाराष्ट्र दारूबंदी अधिनियम,१९४९ - 65(e) ;"
381,MAHARASHTRA,PUNE CITY,HADAPSAR,2023,694,06-05-2023 20:15,"जेष्‍ठ नागरीक आणि पालक यांचे पालनपोषण आणि कल्‍याण अधिनियम, २००७ - 24 ;"
382,MAHARASHTRA,PUNE CITY,HADAPSAR,2023,693,06-05-2023 19:45,"महाराष्ट्र दारूबंदी अधिनियम,१९४९ - 65(d) ;"
383,MAHARASHTRA,PUNE CITY,HADAPSAR,2023,691,05-05-2023 22:26,भारतीय दंड संहिता १८६० - ३७९ ;
384,MAHARASHTRA,PUNE CITY,HADAPSAR,2023,688,04-05-2023 22:43,"महाराष्ट्र दारूबंदी अधिनियम,१९४९ - 65(e) ;"
385,MAHARASHTRA,PUNE CITY,HADAPSAR,2023,687,04-05-2023 22:32,"महाराष्ट्र दारूबंदी अधिनियम,१९४९ - 65(e) ;"
386,MAHARASHTRA,PUNE CITY,HADAPSAR,2023,686,04-05-2023 21:25,"भारतीय दंड संहिता १८६० - २७९,४२७ ; महाराष्ट्र मोटार वाहन नियम, 1989 - 119,132,177,184 ;"
387,MAHARASHTRA,PUNE CITY,HADAPSAR,2023,685,04-05-2023 20:42,"महाराष्ट्र पोलीस अधिनियम, १९५१ - 142 ;"
388,MAHARASHTRA,PUNE CITY,HADAPSAR,2023,682,04-05-2023 17:30,"भारतीय दंड संहिता १८६० - ३२३,३२४,३४,५०४ ;"
389,MAHARASHTRA,PUNE CITY,HADAPSAR,2023,681,04-05-2023 04:24,"भारतीय दंड संहिता १८६० - ४१९,४२० ; माहिती तंत्रज्ञान (सुधारणा) अधिनियम २००८ - 66c,66d ;"
390,MAHARASHTRA,PUNE CITY,HADAPSAR,2023,679,04-05-2023 03:38,"महाराष्ट्र जुगार प्रतिबंधक अधिनियम, १८८७ - 4,5 ;"
391,MAHARASHTRA,PUNE CITY,HADAPSAR,2023,678,04-05-2023 03:08,"महाराष्ट्र पोलीस अधिनियम, १९५१ - 142 ;"
392,MAHARASHTRA,PUNE CITY,HADAPSAR,2023,676,03-05-2023 10:46,"भारतीय दंड संहिता १८६० - ३२३,३२४,३४,५०४ ;"
393,MAHARASHTRA,PUNE CITY,HADAPSAR,2023,675,03-05-2023 05:09,"भारतीय दंड संहिता १८६० - २७९,३३७,४२७ ; मोटरवाहन अधिनियम, १९८८ - 119,177,184 ;"
394,MAHARASHTRA,PUNE CITY,HADAPSAR,2023,673,03-05-2023 01:38,भारतीय दंड संहिता १८६० - ३८० ;
395,MAHARASHTRA,PUNE CITY,KHADAK POLICE STATION,2023,179,03-06-2023 20:35,भारतीय दंड संहिता १८६० - १६० ;
396,MAHARASHTRA,PUNE CITY,KHADAK POLICE STATION,2023,176,30-05-2023 16:42,"भारतीय दंड संहिता १८६० - ४०६,४२० ;"
397,MAHARASHTRA,PUNE CITY,KHADAK POLICE STATION,2023,175,30-05-2023 01:18,"भारतीय दंड संहिता १८६० - ३२३,३२४,३४,५०४,५०६ ;"
398,MAHARASHTRA,PUNE CITY,KHADAK POLICE STATION,2023,174,28-05-2023 23:13,"महाराष्ट्र दारूबंदी अधिनियम,१९४९ - 65(e) ;"
399,MAHARASHTRA,PUNE CITY,KHADAK POLICE STATION,2023,173,27-05-2023 21:02,"महाराष्ट्र दारूबंदी अधिनियम,१९४९ - 65(e) ;"
400,MAHARASHTRA,PUNE CITY,KHADAK POLICE STATION,2023,172,26-05-2023 20:09,भारतीय दंड संहिता १८६० - ३९२ ;